company,sector,stage,contact,last_action,next_due,note
Sky Realty,property,NEW,,,,
ERA Châtelain Schuman,property,NEW,,,,
Sabimmo SRL,property,NEW,,,,
Nested,property,NEW,,,,
MAGES Real Estate,property,NEW,,,,
YES Properties,property,NEW,,,,
RealtyCare Property Management,property,NEW,,,,
5Bricks,property,NEW,,,,
Brussels Sotheby's International Realty,property,NEW,,,,
Fidelium,accounting,NEW,,,,
Declerck Capital,accounting,NEW,,,,
DDH Accounting,accounting,NEW,,,,
Kpm Tax & Accounting Services,accounting,NEW,,,,
ACCOUNT PARTNER,accounting,NEW,,,,
KAZ logistics Belgium,logistics,NEW,,,,
FB Logistics,logistics,NEW,,,,
Msd Logistics SRL,logistics,NEW,,,,
KPM Logistics - Bruxelles,logistics,NEW,,,,
